n,k,accepted_starts,total_starts,success_rate,published_worst_relative_error,best_reconstructed_worst_relative_error,best_relative_difference_vs_published,best_maximum_node_difference_vs_published,best_maximum_weight_difference_vs_published,best_maximum_remez_residual,best_maximum_moment_residual,dominant_error_cluster_fraction,better_than_published_by_more_than_1e-6_relative
2,3,12,12,1.0,0.1050058673655008,0.10500586736550077,2.643240450461522e-16,5.551115123125783e-17,5.551115123125783e-17,2.775402472984597e-15,8.326672684688674e-17,1.0,False
3,4,10,12,0.8333333333333334,0.0043654044727461,0.004365404472745804,6.775325276285073e-14,4.440892098500626e-16,4.996003610813204e-16,4.9672472700040615e-14,5.551115123125783e-17,1.0,False
3,5,12,12,1.0,0.0698080460415617,0.06980804604155799,5.307940208612042e-14,1.2878587085651816e-14,1.3211653993039363e-14,1.2921951818719305e-14,3.0531133177191805e-16,1.0,False
4,5,8,12,0.6666666666666666,0.0001794333494529,0.00017943334945247358,2.376462991627319e-12,4.440892098500626e-15,4.274358644806853e-15,8.701008665019914e-13,2.220446049250313e-16,1.0,False
4,6,11,12,0.9166666666666666,0.0029432194817886,0.0029432194817883284,9.224056366512933e-14,1.0325074129013956e-14,1.049160758270773e-14,4.346799725433787e-14,1.249000902703301e-16,1.0,False
4,7,12,12,1.0,0.0459798222534595,0.045979822253436,5.111379840265803e-13,8.953948693601887e-14,6.433742427702782e-14,5.583733513136413e-15,2.220446049250313e-16,1.0,False
