{
  "description": "Published rounded n=4 partial-moment rules. This file is the sole rule-data input to the independent verifier.",
  "integration_interval": [
    -1.0,
    1.0
  ],
  "design_b_interval": [
    0.08,
    0.12
  ],
  "rules": {
    "0": {
      "node_pairs_n": 4,
      "matched_moments_k": 0,
      "nominal_polynomial_exactness_degree": -1,
      "positive_nodes": [
        "0.0190642999208328",
        "0.06407986973729517",
        "0.1417100278389482",
        "0.3932607298437698"
      ],
      "pair_weights": [
        "0.03914710071032164",
        "0.0543710424971337",
        "0.11552127170884798",
        "0.5333488984084103"
      ]
    },
    "1": {
      "node_pairs_n": 4,
      "matched_moments_k": 1,
      "nominal_polynomial_exactness_degree": 1,
      "positive_nodes": [
        "0.021541707134030048",
        "0.07467012332994878",
        "0.18096719011035747",
        "0.5791141803413803"
      ],
      "pair_weights": [
        "0.04452784797584177",
        "0.06725009335923819",
        "0.17400382048513482",
        "0.7142182381797852"
      ]
    },
    "2": {
      "node_pairs_n": 4,
      "matched_moments_k": 2,
      "nominal_polynomial_exactness_degree": 3,
      "positive_nodes": [
        "0.02476366457648896",
        "0.08976266190232308",
        "0.2468994959646647",
        "0.736651401911913"
      ],
      "pair_weights": [
        "0.05167027316105198",
        "0.08772129025617577",
        "0.2790533700416919",
        "0.5815550665410804"
      ]
    },
    "3": {
      "node_pairs_n": 4,
      "matched_moments_k": 3,
      "nominal_polynomial_exactness_degree": 5,
      "positive_nodes": [
        "0.029136875904792046",
        "0.11296170891338408",
        "0.3526771422358479",
        "0.8301335482070972"
      ],
      "pair_weights": [
        "0.06164608887927411",
        "0.12324822549049391",
        "0.40726439342166093",
        "0.40784129220857107"
      ]
    },
    "4": {
      "node_pairs_n": 4,
      "matched_moments_k": 4,
      "nominal_polynomial_exactness_degree": 7,
      "positive_nodes": [
        "0.035426839751714234",
        "0.1519103138624011",
        "0.4818508382990613",
        "0.8835533851930171"
      ],
      "pair_weights": [
        "0.07659505914676848",
        "0.1884530190599688",
        "0.44643605956826976",
        "0.288515862224993"
      ]
    }
  }
}